{"cameraMode":{"drawMode":0,"name":"Shaded","section":"Shading Mode"},"sceneLighting":true,"audioPlay":false,"sceneViewState":{"showFog":true,"showMaterialUpdate":true,"showSkybox":true,"showFlares":true,"showImageEffects":true,"showParticleSystems":true},"in2DMode":false,"pivot":{"x":745.4055786132813,"y":422.408935546875,"z":-1794.2257080078125},"rotation":{"x":0.15547847747802735,"y":-0.1776561588048935,"z":0.028390299528837205,"w":0.9713516235351563},"size":-4.649949550628662,"orthographic":false}