{"cameraMode":{"drawMode":0,"name":"Shaded","section":"Shading Mode"},"sceneLighting":false,"audioPlay":false,"sceneViewState":{"showFog":true,"showMaterialUpdate":false,"showSkybox":false,"showFlares":true,"showImageEffects":true,"showParticleSystems":true},"in2DMode":false,"pivot":{"x":-0.42308491468429568,"y":2.7713139057159426,"z":4.08074426651001},"rotation":{"x":0.19117003679275514,"y":0.7112365961074829,"z":-0.2116459459066391,"w":0.6425349712371826},"size":22.0,"orthographic":false}