{"cameraMode":{"drawMode":0,"name":"Shaded","section":"Shading Mode"},"sceneLighting":false,"audioPlay":false,"sceneViewState":{"showFog":true,"showMaterialUpdate":false,"showSkybox":false,"showFlares":true,"showImageEffects":true,"showParticleSystems":true},"in2DMode":false,"pivot":{"x":-4.339931488037109,"y":4.816170692443848,"z":7.0816192626953129},"rotation":{"x":0.18463142216205598,"y":-0.01415023859590292,"z":0.002612406387925148,"w":0.9827353954315186},"size":22.0,"orthographic":false}