{"cameraMode":{"drawMode":0,"name":"Shaded","section":"Shading Mode"},"sceneLighting":false,"audioPlay":false,"sceneViewState":{"showFog":true,"showMaterialUpdate":false,"showSkybox":false,"showFlares":true,"showImageEffects":true,"showParticleSystems":true},"in2DMode":false,"pivot":{"x":1.749222755432129,"y":1.1064403057098389,"z":-0.03344402834773064},"rotation":{"x":0.09052333980798722,"y":-0.6777355670928955,"z":0.08459702134132385,"w":0.7248862981796265},"size":2.8578836917877199,"orthographic":false}