{"cameraMode":{"drawMode":0,"name":"Shaded","section":"Shading Mode"},"sceneLighting":false,"audioPlay":false,"sceneViewState":{"showFog":true,"showMaterialUpdate":false,"showSkybox":false,"showFlares":true,"showImageEffects":true,"showParticleSystems":true},"in2DMode":false,"pivot":{"x":-5.015320777893066,"y":3.230455160140991,"z":6.863193035125732},"rotation":{"x":0.12393808364868164,"y":0.21173161268234254,"z":-0.027118990197777749,"w":0.9690889716148377},"size":22.0,"orthographic":false}