{"cameraMode":{"drawMode":0,"name":"Shaded","section":"Shading Mode"},"sceneLighting":false,"audioPlay":false,"sceneViewState":{"showFog":true,"showMaterialUpdate":false,"showSkybox":false,"showFlares":true,"showImageEffects":true,"showParticleSystems":true},"in2DMode":false,"pivot":{"x":-4.356032848358154,"y":-0.1622648984193802,"z":-2.0221199989318849},"rotation":{"x":-0.011392930522561074,"y":0.8256175518035889,"z":-0.01620994694530964,"w":-0.5640837550163269},"size":6.741483211517334,"orthographic":false}