{"cameraMode":{"drawMode":0,"name":"Shaded","section":"Shading Mode"},"sceneLighting":false,"audioPlay":false,"sceneViewState":{"showFog":true,"showMaterialUpdate":false,"showSkybox":false,"showFlares":true,"showImageEffects":true,"showParticleSystems":true},"in2DMode":false,"pivot":{"x":-12.724264144897461,"y":-5.673026084899902,"z":4.153921604156494},"rotation":{"x":-0.1681300699710846,"y":0.5938780307769775,"z":-0.12863703072071076,"w":-0.776206374168396},"size":24.304471969604493,"orthographic":false}